id,headline,label
1,Activists demand climate reforms after survey,left
2,Analysis: survey and its impact on consumers,neutral
3,Progressive advocates criticize government's market handling,left
4,Tax the rich advocates criticize government's update handling,left
5,Tax the rich advocates criticize government's conference handling,left
6,Activists demand inequality reforms after market,left
7,Experts back freedom plans as market shifts,right
8,survey prompts calls for freedom measures,right
9,report shows rising support for justice initiatives,left
10,Experts back patriot plans as survey shifts,right
11,Release update: what the numbers show,neutral
12,Report: release affects regional markets,neutral
13,Activists demand inequality reforms after conference,left
14,update prompts calls for security measures,right
15,Report: report affects regional markets,neutral
16,New study praises union policies amid study concerns,left
17,Survey update: what the numbers show,neutral
18,Welfare advocates criticize government's update handling,left
19,Leaders urge tax cuts to protect survey,right
20,report prompts calls for corporations measures,right
21,release reveals new data on economic trends,neutral
22,Freedom supporters applaud new release policy,right
23,Corporations supporters applaud new release policy,right
24,Analysis: update and its impact on consumers,neutral
25,Union advocates criticize government's market handling,left
26,market reveals new data on economic trends,neutral
27,Experts back traditional plans as conference shifts,right
28,update prompts calls for military measures,right
29,study prompts calls for patriot measures,right
30,Freedom supporters applaud new release policy,right
31,Activists demand workers reforms after survey,left
32,Activists demand justice reforms after release,left
33,Experts back security plans as survey shifts,right
34,New study praises union policies amid update concerns,left
35,Freedom supporters applaud new report policy,right
36,analysis shows rising support for justice initiatives,left
37,Report: report affects regional markets,neutral
38,Activists demand climate reforms after survey,left
39,Security supporters applaud new report policy,right
40,Union advocates criticize government's update handling,left
41,Analysis: conference and its impact on consumers,neutral
42,Experts back freedom plans as market shifts,right
43,Tax the rich advocates criticize government's report handling,left
44,New study praises climate policies amid report concerns,left
45,Report: update affects regional markets,neutral
46,New study praises workers policies amid analysis concerns,left
47,Activists demand workers reforms after release,left
48,Experts back military plans as study shifts,right
49,report shows rising support for climate initiatives,left
50,Climate advocates criticize government's update handling,left
51,New study praises climate policies amid market concerns,left
52,Activists demand tax the rich reforms after survey,left
53,conference reveals new data on economic trends,neutral
54,Freedom supporters applaud new study policy,right
55,analysis shows rising support for union initiatives,left
56,release prompts calls for security measures,right
57,Patriot supporters applaud new conference policy,right
58,Activists demand inequality reforms after release,left
59,Progressive advocates criticize government's conference handling,left
60,Corporations supporters applaud new analysis policy,right
61,market prompts calls for traditional measures,right
62,Analysis: market and its impact on consumers,neutral
63,New study praises climate policies amid update concerns,left
64,Union advocates criticize government's release handling,left
65,Inequality advocates criticize government's study handling,left
66,New study praises justice policies amid update concerns,left
67,Experts back corporations plans as conference shifts,right
68,Experts back traditional plans as release shifts,right
69,Analysis: market and its impact on consumers,neutral
70,update reveals new data on economic trends,neutral
71,Activists demand welfare reforms after update,left
72,Market update: what the numbers show,neutral
73,Leaders urge patriot to protect market,right
74,Experts back military plans as market shifts,right
75,Report: market affects regional markets,neutral
76,market reveals new data on economic trends,neutral
77,Security supporters applaud new report policy,right
78,Traditional supporters applaud new release policy,right
79,market prompts calls for border measures,right
80,Activists demand climate reforms after survey,left
81,Activists demand progressive reforms after analysis,left
82,update shows rising support for climate initiatives,left
83,Survey update: what the numbers show,neutral
84,Freedom supporters applaud new market policy,right
85,Analysis: report and its impact on consumers,neutral
86,Report: update affects regional markets,neutral
87,Leaders urge military to protect update,right
88,Activists demand welfare reforms after report,left
89,Market update: what the numbers show,neutral
90,Activists demand workers reforms after market,left
91,Inequality advocates criticize government's update handling,left
92,study prompts calls for freedom measures,right
93,analysis prompts calls for security measures,right
94,Leaders urge military to protect market,right
95,Security supporters applaud new release policy,right
96,Union advocates criticize government's release handling,left
97,Activists demand progressive reforms after survey,left
98,Analysis: report and its impact on consumers,neutral
99,Report: report affects regional markets,neutral
100,Activists demand welfare reforms after release,left
101,Experts back military plans as survey shifts,right
102,release reveals new data on economic trends,neutral
103,Tax cuts supporters applaud new conference policy,right
104,survey prompts calls for traditional measures,right
105,report shows rising support for justice initiatives,left
106,Leaders urge traditional to protect market,right
107,Activists demand justice reforms after report,left
108,Update update: what the numbers show,neutral
109,release shows rising support for union initiatives,left
110,analysis prompts calls for security measures,right
111,Progressive advocates criticize government's study handling,left
112,Report: analysis affects regional markets,neutral
113,Activists demand justice reforms after study,left
114,Activists demand union reforms after study,left
115,Freedom supporters applaud new market policy,right
116,Update update: what the numbers show,neutral
117,Survey update: what the numbers show,neutral
118,New study praises welfare policies amid study concerns,left
119,Progressive advocates criticize government's market handling,left
120,Experts back security plans as release shifts,right
121,Tax the rich advocates criticize government's conference handling,left
122,Patriot supporters applaud new conference policy,right
123,Report: survey affects regional markets,neutral
124,Corporations supporters applaud new conference policy,right
125,Corporations supporters applaud new analysis policy,right
126,analysis reveals new data on economic trends,neutral
127,Leaders urge corporations to protect study,right
128,Leaders urge military to protect survey,right
129,Activists demand union reforms after market,left
130,Freedom supporters applaud new conference policy,right
131,Experts back corporations plans as report shifts,right
132,New study praises inequality policies amid update concerns,left
133,Union advocates criticize government's study handling,left
134,Report: market affects regional markets,neutral
135,Leaders urge traditional to protect report,right
136,survey shows rising support for tax the rich initiatives,left
137,analysis prompts calls for freedom measures,right
138,survey prompts calls for tax cuts measures,right
139,Corporations supporters applaud new update policy,right
140,Analysis: release and its impact on consumers,neutral
141,Activists demand union reforms after market,left
142,release reveals new data on economic trends,neutral
143,market shows rising support for justice initiatives,left
144,survey shows rising support for workers initiatives,left
145,Activists demand workers reforms after survey,left
146,report shows rising support for inequality initiatives,left
147,Analysis: report and its impact on consumers,neutral
148,Traditional supporters applaud new update policy,right
149,market prompts calls for patriot measures,right
150,report reveals new data on economic trends,neutral
151,Military supporters applaud new conference policy,right
152,Activists demand inequality reforms after conference,left
153,Report: update affects regional markets,neutral
154,Experts back security plans as analysis shifts,right
155,Tax cuts supporters applaud new conference policy,right
156,Analysis update: what the numbers show,neutral
157,conference prompts calls for freedom measures,right
158,Climate advocates criticize government's market handling,left
159,Market update: what the numbers show,neutral
160,Workers advocates criticize government's study handling,left
161,Workers advocates criticize government's conference handling,left
162,Leaders urge corporations to protect market,right
163,Leaders urge military to protect report,right
164,Experts back corporations plans as study shifts,right
165,survey prompts calls for military measures,right
166,Experts back freedom plans as analysis shifts,right
167,Activists demand union reforms after survey,left
168,Leaders urge traditional to protect update,right
169,Conference update: what the numbers show,neutral
170,conference reveals new data on economic trends,neutral
171,Leaders urge freedom to protect market,right
172,Leaders urge corporations to protect study,right
173,report reveals new data on economic trends,neutral
174,New study praises welfare policies amid update concerns,left
175,New study praises workers policies amid update concerns,left
176,New study praises progressive policies amid market concerns,left
177,analysis prompts calls for security measures,right
178,Activists demand welfare reforms after report,left
179,Report: conference affects regional markets,neutral
180,Report: market affects regional markets,neutral
181,study prompts calls for freedom measures,right
182,Climate advocates criticize government's conference handling,left
183,Security supporters applaud new report policy,right
184,Report update: what the numbers show,neutral
185,Survey update: what the numbers show,neutral
186,Activists demand union reforms after release,left
187,Activists demand tax the rich reforms after analysis,left
188,Report: market affects regional markets,neutral
189,Justice advocates criticize government's release handling,left
190,Leaders urge tax cuts to protect update,right
191,Traditional supporters applaud new survey policy,right
192,Tax cuts supporters applaud new survey policy,right
193,Experts back freedom plans as conference shifts,right
194,Analysis: analysis and its impact on consumers,neutral
195,Activists demand climate reforms after study,left
196,Military supporters applaud new conference policy,right
197,Activists demand tax the rich reforms after study,left
198,report shows rising support for justice initiatives,left
199,Experts back traditional plans as study shifts,right
200,Report: release affects regional markets,neutral
201,Leaders urge traditional to protect conference,right
202,Experts back patriot plans as survey shifts,right
203,Analysis: report and its impact on consumers,neutral
204,Analysis: market and its impact on consumers,neutral
205,Experts back border plans as analysis shifts,right
206,Analysis update: what the numbers show,neutral
207,Activists demand climate reforms after update,left
208,Welfare advocates criticize government's conference handling,left
209,Experts back security plans as conference shifts,right
210,Activists demand welfare reforms after analysis,left
211,market reveals new data on economic trends,neutral
212,Release update: what the numbers show,neutral
213,Update update: what the numbers show,neutral
214,Leaders urge traditional to protect survey,right
215,Analysis: release and its impact on consumers,neutral
216,update reveals new data on economic trends,neutral
217,Leaders urge border to protect update,right
218,Report: analysis affects regional markets,neutral
219,Analysis: conference and its impact on consumers,neutral
220,Activists demand union reforms after survey,left
221,update prompts calls for freedom measures,right
222,survey reveals new data on economic trends,neutral
223,Climate advocates criticize government's release handling,left
224,Analysis: survey and its impact on consumers,neutral
225,Justice advocates criticize government's study handling,left
226,conference reveals new data on economic trends,neutral
227,Justice advocates criticize government's study handling,left
228,Leaders urge patriot to protect survey,right
229,Activists demand justice reforms after market,left
230,Report: conference affects regional markets,neutral
231,study reveals new data on economic trends,neutral
232,Analysis: conference and its impact on consumers,neutral
233,analysis prompts calls for tax cuts measures,right
234,Report: analysis affects regional markets,neutral
235,Activists demand welfare reforms after release,left
236,Conference update: what the numbers show,neutral
237,New study praises union policies amid study concerns,left
238,Market update: what the numbers show,neutral
239,Activists demand tax the rich reforms after study,left
240,Border supporters applaud new report policy,right
241,Analysis: market and its impact on consumers,neutral
242,Activists demand justice reforms after release,left
243,Union advocates criticize government's conference handling,left
244,release prompts calls for border measures,right
245,Experts back tax cuts plans as analysis shifts,right
246,release prompts calls for corporations measures,right
247,market shows rising support for tax the rich initiatives,left
248,Report update: what the numbers show,neutral
249,conference shows rising support for climate initiatives,left
250,Welfare advocates criticize government's market handling,left
251,Experts back tax cuts plans as analysis shifts,right
252,Analysis: survey and its impact on consumers,neutral
253,market reveals new data on economic trends,neutral
254,Analysis: analysis and its impact on consumers,neutral
255,Report update: what the numbers show,neutral
256,analysis shows rising support for inequality initiatives,left
257,Experts back corporations plans as update shifts,right
258,Report: analysis affects regional markets,neutral
259,report shows rising support for climate initiatives,left
260,analysis prompts calls for freedom measures,right
261,New study praises welfare policies amid release concerns,left
262,Update update: what the numbers show,neutral
263,Workers advocates criticize government's release handling,left
264,release prompts calls for security measures,right
265,release shows rising support for union initiatives,left
266,Analysis update: what the numbers show,neutral
267,Report: analysis affects regional markets,neutral
268,Leaders urge corporations to protect conference,right
269,market reveals new data on economic trends,neutral
270,New study praises inequality policies amid release concerns,left
271,Union advocates criticize government's update handling,left
272,Experts back border plans as survey shifts,right
273,Justice advocates criticize government's update handling,left
274,conference reveals new data on economic trends,neutral
275,Activists demand tax the rich reforms after study,left
276,report prompts calls for military measures,right
277,Corporations supporters applaud new release policy,right
278,Leaders urge tax cuts to protect report,right
279,survey prompts calls for military measures,right
280,Experts back patriot plans as market shifts,right
281,Activists demand workers reforms after survey,left
282,Activists demand climate reforms after release,left
283,market prompts calls for military measures,right
284,conference reveals new data on economic trends,neutral
285,Traditional supporters applaud new study policy,right
286,Leaders urge border to protect survey,right
287,survey reveals new data on economic trends,neutral
288,conference shows rising support for progressive initiatives,left
289,Experts back patriot plans as study shifts,right
290,conference prompts calls for border measures,right
291,New study praises union policies amid release concerns,left
292,New study praises climate policies amid release concerns,left
293,Experts back patriot plans as report shifts,right
294,conference reveals new data on economic trends,neutral
295,Border supporters applaud new market policy,right
296,New study praises inequality policies amid conference concerns,left
297,Analysis: market and its impact on consumers,neutral
298,Analysis: survey and its impact on consumers,neutral
299,Welfare advocates criticize government's conference handling,left
300,Inequality advocates criticize government's conference handling,left
301,Activists demand justice reforms after study,left
302,New study praises inequality policies amid conference concerns,left
303,Leaders urge traditional to protect market,right
304,Corporations supporters applaud new analysis policy,right
305,report shows rising support for union initiatives,left
306,Tax cuts supporters applaud new report policy,right
307,Progressive advocates criticize government's analysis handling,left
308,report prompts calls for corporations measures,right
309,Activists demand workers reforms after conference,left
310,Corporations supporters applaud new analysis policy,right
311,Experts back traditional plans as release shifts,right
312,New study praises tax the rich policies amid survey concerns,left
313,Experts back patriot plans as study shifts,right
314,survey prompts calls for corporations measures,right
315,Analysis: market and its impact on consumers,neutral
316,Report: market affects regional markets,neutral
317,analysis prompts calls for tax cuts measures,right
318,Climate advocates criticize government's release handling,left
319,study shows rising support for tax the rich initiatives,left
320,Experts back military plans as analysis shifts,right
321,New study praises climate policies amid update concerns,left
322,report prompts calls for corporations measures,right
323,Analysis: release and its impact on consumers,neutral
324,Activists demand climate reforms after market,left
325,Survey update: what the numbers show,neutral
326,Activists demand welfare reforms after conference,left
327,Military supporters applaud new conference policy,right
328,Report: analysis affects regional markets,neutral
329,study reveals new data on economic trends,neutral
330,Analysis: analysis and its impact on consumers,neutral
331,Experts back patriot plans as conference shifts,right
332,market reveals new data on economic trends,neutral
333,Analysis: analysis and its impact on consumers,neutral
334,Activists demand welfare reforms after analysis,left
335,report shows rising support for progressive initiatives,left
336,Leaders urge security to protect update,right
337,Activists demand union reforms after market,left
338,Security supporters applaud new survey policy,right
339,Military supporters applaud new report policy,right
340,Release update: what the numbers show,neutral
341,Military supporters applaud new conference policy,right
342,Experts back traditional plans as conference shifts,right
343,New study praises tax the rich policies amid study concerns,left
344,study prompts calls for corporations measures,right
345,Analysis update: what the numbers show,neutral
346,report reveals new data on economic trends,neutral
347,Update update: what the numbers show,neutral
348,New study praises tax the rich policies amid conference concerns,left
349,New study praises union policies amid release concerns,left
350,report shows rising support for union initiatives,left
351,Workers advocates criticize government's update handling,left
352,Experts back border plans as report shifts,right
353,Border supporters applaud new market policy,right
354,Activists demand justice reforms after analysis,left
355,Analysis: survey and its impact on consumers,neutral
356,survey reveals new data on economic trends,neutral
357,market prompts calls for traditional measures,right
358,Tax cuts supporters applaud new market policy,right
359,survey prompts calls for tax cuts measures,right
360,Experts back traditional plans as analysis shifts,right
361,Progressive advocates criticize government's report handling,left
362,release prompts calls for traditional measures,right
363,Report: analysis affects regional markets,neutral
364,survey shows rising support for welfare initiatives,left
365,Analysis: release and its impact on consumers,neutral
366,Conference update: what the numbers show,neutral
367,survey shows rising support for climate initiatives,left
368,Leaders urge corporations to protect market,right
369,Leaders urge corporations to protect analysis,right
370,report prompts calls for patriot measures,right
371,release prompts calls for border measures,right
372,Patriot supporters applaud new survey policy,right
373,Report update: what the numbers show,neutral
374,Report: update affects regional markets,neutral
375,Conference update: what the numbers show,neutral
376,conference prompts calls for corporations measures,right
377,update shows rising support for union initiatives,left
378,update shows rising support for inequality initiatives,left
379,release shows rising support for workers initiatives,left
380,Security supporters applaud new market policy,right
381,Activists demand justice reforms after survey,left
382,Report: market affects regional markets,neutral
383,conference shows rising support for climate initiatives,left
384,update shows rising support for union initiatives,left
385,analysis shows rising support for inequality initiatives,left
386,report prompts calls for patriot measures,right
387,Report: report affects regional markets,neutral
388,Tax cuts supporters applaud new release policy,right
389,analysis prompts calls for border measures,right
390,Update update: what the numbers show,neutral
391,market shows rising support for tax the rich initiatives,left
392,update reveals new data on economic trends,neutral
393,analysis prompts calls for freedom measures,right
394,Analysis update: what the numbers show,neutral
395,Analysis: report and its impact on consumers,neutral
396,Analysis: study and its impact on consumers,neutral
397,Experts back corporations plans as release shifts,right
398,Climate advocates criticize government's update handling,left
399,Analysis: analysis and its impact on consumers,neutral
400,Experts back military plans as report shifts,right
401,analysis shows rising support for workers initiatives,left
402,Freedom supporters applaud new study policy,right
403,Leaders urge military to protect analysis,right
404,Analysis: update and its impact on consumers,neutral
405,update shows rising support for justice initiatives,left
406,Experts back traditional plans as market shifts,right
407,update shows rising support for tax the rich initiatives,left
408,Leaders urge corporations to protect market,right
409,Security supporters applaud new study policy,right
410,update shows rising support for workers initiatives,left
411,Traditional supporters applaud new release policy,right
412,Patriot supporters applaud new update policy,right
413,Leaders urge corporations to protect conference,right
414,report reveals new data on economic trends,neutral
415,Report: analysis affects regional markets,neutral
416,Union advocates criticize government's update handling,left
417,release reveals new data on economic trends,neutral
418,Survey update: what the numbers show,neutral
419,Inequality advocates criticize government's release handling,left
420,survey reveals new data on economic trends,neutral
421,Activists demand workers reforms after study,left
422,Border supporters applaud new study policy,right
423,Activists demand union reforms after report,left
424,Justice advocates criticize government's analysis handling,left
425,Analysis: survey and its impact on consumers,neutral
426,Welfare advocates criticize government's study handling,left
427,Experts back tax cuts plans as analysis shifts,right
428,report prompts calls for patriot measures,right
429,Experts back corporations plans as survey shifts,right
430,release prompts calls for patriot measures,right
431,Report: market affects regional markets,neutral
432,Activists demand progressive reforms after survey,left
433,study prompts calls for patriot measures,right
434,Activists demand union reforms after report,left
435,Leaders urge freedom to protect release,right
436,New study praises progressive policies amid analysis concerns,left
437,conference prompts calls for traditional measures,right
438,Experts back military plans as update shifts,right
439,Analysis: market and its impact on consumers,neutral
440,New study praises justice policies amid release concerns,left
441,Analysis: survey and its impact on consumers,neutral
442,Inequality advocates criticize government's analysis handling,left
443,Patriot supporters applaud new release policy,right
444,New study praises inequality policies amid analysis concerns,left
445,survey reveals new data on economic trends,neutral
446,update prompts calls for freedom measures,right
447,New study praises tax the rich policies amid study concerns,left
448,Experts back tax cuts plans as update shifts,right
449,Analysis: survey and its impact on consumers,neutral
450,update reveals new data on economic trends,neutral
451,Inequality advocates criticize government's conference handling,left
452,update reveals new data on economic trends,neutral
453,Activists demand union reforms after update,left
454,Inequality advocates criticize government's conference handling,left
455,Conference update: what the numbers show,neutral
456,conference shows rising support for inequality initiatives,left
457,Release update: what the numbers show,neutral
458,Experts back patriot plans as conference shifts,right
459,Welfare advocates criticize government's update handling,left
460,market reveals new data on economic trends,neutral
461,Analysis: analysis and its impact on consumers,neutral
462,survey shows rising support for workers initiatives,left
463,Market update: what the numbers show,neutral
464,Release update: what the numbers show,neutral
465,New study praises tax the rich policies amid analysis concerns,left
466,Border supporters applaud new report policy,right
467,Leaders urge border to protect report,right
468,New study praises workers policies amid study concerns,left
469,Leaders urge patriot to protect release,right
470,release reveals new data on economic trends,neutral
471,Leaders urge border to protect survey,right
472,Leaders urge security to protect market,right
473,Study update: what the numbers show,neutral
474,Activists demand welfare reforms after update,left
475,Experts back traditional plans as market shifts,right
476,Activists demand tax the rich reforms after survey,left
477,market prompts calls for patriot measures,right
478,Leaders urge tax cuts to protect survey,right
479,Progressive advocates criticize government's report handling,left
480,New study praises climate policies amid release concerns,left
481,report shows rising support for climate initiatives,left
482,New study praises union policies amid market concerns,left
483,Activists demand inequality reforms after report,left
484,Experts back border plans as update shifts,right
485,Military supporters applaud new market policy,right
486,New study praises justice policies amid conference concerns,left
487,conference prompts calls for tax cuts measures,right
488,survey reveals new data on economic trends,neutral
489,conference reveals new data on economic trends,neutral
490,Experts back border plans as market shifts,right
491,Justice advocates criticize government's conference handling,left
492,Survey update: what the numbers show,neutral
493,Activists demand inequality reforms after update,left
494,Activists demand inequality reforms after analysis,left
495,New study praises justice policies amid conference concerns,left
496,Activists demand climate reforms after report,left
497,Market update: what the numbers show,neutral
498,Activists demand welfare reforms after study,left
499,Climate advocates criticize government's survey handling,left
500,Leaders urge tax cuts to protect conference,right
